{"cameraMode":{"drawMode":0,"name":"Shaded","section":"Shading Mode"},"sceneLighting":true,"audioPlay":false,"sceneViewState":{"showFog":false,"showMaterialUpdate":false,"showSkybox":false,"showFlares":false,"showImageEffects":false,"showParticleSystems":false},"in2DMode":false,"pivot":{"x":361.11297607421877,"y":183.08822631835938,"z":13.8533935546875},"rotation":{"x":-0.038988467305898669,"y":-0.00899273157119751,"z":-0.0003509868402034044,"w":0.9991991519927979},"size":1324.42919921875,"orthographic":false}